uid,service_name,department,phone_number,topic,user_type,tags,url,last_update,description
agent_dedicated_line_debt_management,Agent Dedicated Line: Debt Managment ,HMRC,0300 200 3887,Agent,Tax Agent,"HMRC, Tax Agent, Debt, Debt Managment",https://www.gov.uk/find-hmrc-contacts/agent-dedicated-line-debt-management,14/05/2025,Call HMRC if you're an authorised tax agent and need to discuss your client's debts.
agent_dedicated_line_tax_credits,Agent Dedicated Line: tax credits,HMRC,0345 300 3943,Agent,Tax Agent,"HMRC, Tax Agent, Tax Credits",https://www.gov.uk/find-hmrc-contacts/agent-dedicated-line-tax-credits,30/06/2025,Call HMRC for help with tax credits if you’re formally authorised to act on behalf of a client.
agent_dedicated_line_self_assessment_or_paye_for_individuals,Agent Dedicated Line: Self Assessment or PAYE for individuals,HMRC,0300 200 3311,Agent,Tax Agent,"HMRC, Tax Agent, PAYE, Pay As You Earn, Self Assessment",https://www.gov.uk/find-hmrc-contacts/agent-dedicated-line-self-assessment-or-paye-for-individuals,14/05/2025,Call HMRC about Self Assessment or PAYE if you’re formally authorised to act as an agent or tax adviser for your client.
bereavement_and_deceased_estate_enquiries,Bereavement and deceased estate: enquiries,HMRC,0300 322 9620,Bereavement,All Users,"HMRC, Death, Bereavement, Tax, Income tax, Capital Gains Tax",https://www.gov.uk/find-hmrc-contacts/bereavement-and-deceased-estate-enquiries,08/09/2025,"Call HMRC for help with tax after someone dies if you’re dealing with their: Income Tax and Capital Gains Tax before they died. Estate in the administration period, without sending a tax return"
deceased_estate_helpline,Deceased Estate Helpline,HMRC,0300 123 1071,Bereavement,All Users,"HMRC, Death, Bereavement, Estate",https://www.gov.uk/find-hmrc-contacts/bereavement-and-deceased-estate-enquiries,08/09/2025,"Call HMRC to get specialist advice on a deceased person’s estate, if you need to register for and send a tax return for the administration period."
Inheritance_tax_general_enquiries,Inheritance Tax: general enquiries,HMRC,0300 123 1072,Bereavement,All Users,"HMRC, Death, Bereavement, Inheritance Tax, General Enquiries",https://www.gov.uk/find-hmrc-contacts/inheritance-tax-general-enquiries,14/05/2025,"Call HMRC for advice on Inheritance Tax after someone has died. HMRC can help with: understanding your Inheritance Tax responsibilities, confirming the forms you need, getting paper copies of forms, completing Inheritance Tax forms"
child_benefit_enquiries,Child Benefit: enquiries,HMRC,0300 200 3100,Child Benefit and other benefits,All Users,"HMRC, Child, Child Benefits, Claiming Child Benefit, Stopping Child Benefit, Child Benefit General Enquries",https://www.gov.uk/find-hmrc-contacts/child-benefit-general-enquiries,22/08/2025,"Contact HMRC for information about eligibility, claiming and stopping Child Benefit, changing your personal details and making a complaint."
childcare_service_helpline,Childcare Service helpline,HMRC,0300 123 4097,Child Benefit and other benefits,All Users,"HMRC, Child, Child Benefits, Childcare, Childcare help, Childcare General Enquries",https://www.gov.uk/find-hmrc-contacts/childcare-service-helpline,14/05/2025,"Contact HMRC if you need help applying for Tax-Free Childcare, applying for free childcare if you're working or using your online childcare account."
guardians_allowance_enquiries,Guardian's Allowance: enquiries,HMRC,0300 200 3100,Child Benefit and other benefits,All Users,"HMRC, Child, Child Benefits, Guardian, Guardian Allowance, Guardian Allowance General Enquries",https://www.gov.uk/find-hmrc-contacts/guardians-allowance-enquiries,14/05/2025,Contact HMRC for help with Guardian's Allowance if you're bringing up a child whose parents have died.
pension_schemes_forms_and_returns,Pension schemes: forms and returns,HMRC,0300 200 3600,Pension Schemes,All Users,"HMRC, Pension, Pension Scheme, Pension Form, Pension Return",https://www.gov.uk/find-hmrc-contacts/pension-schemes-forms-and-returns,14/05/2025,Call HMRC for help with filing your pension scheme forms and returns online.
pension_schemes_general_enquiries,Pension schemes: general enquiries,HMRC,0300 123 1079,Pension Schemes,All Users,"HMRC, Pension, Pension Scheme, Pension Scheme, Pension Scheme Help, Pension Scheme General Enquiries",https://www.gov.uk/find-hmrc-contacts/pension-schemes-general-enquiries,14/05/2025,"Contact HMRC for help with pension scheme queries if you're a pension scheme administrator, pension provider or member of a pension scheme."
report_other_environmental_problems,Report other environmental problems,Environment Agency,0800 80 70 60 ,Environment and Countryside,All Users,"environmental harm, biodiversity risk, fish kill, water quality, pollution incident, illegal abstraction, water theft, regulatory breach, waste site incident, regulatory site, pollution risk, obstruction, flood risk, river hazard, land pollution, contamination, abnormal flow, hydrology alert, river monitoring",https://www.gov.uk/report-environmental-problem,01/01/1970,"Call the Environment Agency to report: collapsed or badly damaged river banks, damage or danger to the natural environment, dead fish or fish gasping for air, people taking water illegally from rivers, streams, canals or underground sources such as wells, incidents at Environment Agency-regulated waste sites, main rivers blocked by a vehicle or fallen tree causing risk of flooding, pollution to land, unusual changes in river flow"
report_illegal_fishing_in_england,Report illegal fishing in England,Environment Agency,0800 80 70 60,Environment and Countryside,All Users,"Fishing, Hunting, Fishing and Hunting, Illegal Fishing, Illegal Fishing and Hunting, Illegal hunting, Reporting",https://www.gov.uk/report-illegal-fishing-in-england,01/01/1970,"Use this service to report: fishing out of season, fishing without a licence, the use of illegal equipment to catch fish, for example fixed lines or nets, the catching or trapping of protected types of fish"
report_a_flood_or_possible_cause_of_flooding,Report a flood or possible cause of flooding,Environment Agency,0800 80 70 60,Environment and Countryside,All Users,"Flooding, River Bank Damage, Erosion, Flood Risk, Flooded Roads",https://www.gov.uk/report-flood-cause,01/01/1970,"Call the Environment Agency to report:collapsed or badly damaged river banks, flooding from main rivers or the sea, main rivers blocked by a vehicle or fallen tree causing risk of flooding, unusual changes in river flow, concerns or incidents at a reservoir or dam which may cause a failure or flood"
Report_an_immigration_or_border_crime,Report an immigration or border crime,Home Office,0300 123 7000,Immigration,All Users,"Immgration, Immigration crime, Illegal Immigration",https://www.gov.uk/report-immigration-crime,01/01/1970,"Contact the Home Office if you think someone is: living or working in the UK illegally, employing someone who is not allowed to work in the UK, involved in smuggling, involved in illegal immigration"
vehicle_tax_and_sorn,Vehicle tax and SORN,DVLA,0300 790 6802,Vehicle Tax,All Users,"Vehicle, Tax, SORN,",https://www.gov.uk/contact-the-dvla/y/vehicle-tax-and-sorn,01/01/1970,Contact the DVLA wth queiries about vehicle tax or SORN
tax_your_vehicle,Tax your vehicle,DVLA,0300 123 4321,Vehicle Tax,All Users,"Vehicle tax, Bike Tax, Motor Tax, Applying for Tax",https://www.gov.uk/vehicle-tax,01/01/1970,"Tax your car, motorcycle or other vehicle"
moj_general_enquires,MOJ General Enquires,MOJ,0203 334 3555,MOJ,All Users,"MOJ, General, General Enquires",https://www.gov.uk/government/organisations/ministry-of-justice,01/01/1970,This is the MOJ's general enquries phone line
